,f1,f2,ks,precision,recall,ROC,f1,acc
0,16,32,3,0.7935483870967742,0.8848920863309353,0.8305579312773558,0.8367346938775511,0.8297872340425532
1,16,32,6,0.7888198757763976,0.9136690647482014,0.837953413492982,0.8466666666666668,0.8368794326241135
2,16,32,9,0.948905109489051,0.935251798561151,0.943150374805051,0.9420289855072463,0.9432624113475178
3,32,32,3,0.8278145695364238,0.8992805755395683,0.8587311968606932,0.8620689655172414,0.8581560283687943
4,32,32,6,0.9285714285714286,0.841726618705036,0.8893947778839866,0.8830188679245283,0.8900709219858156
5,32,32,9,0.8807947019867549,0.9568345323741008,0.9154802032499875,0.9172413793103448,0.9148936170212766
