,f1,f2,ks,precision,recall,ROC,f1,acc
0,16,32,3,0.7357142857142858,0.7463768115942029,0.7447161835748792,0.7410071942446043,0.7446808510638298
1,16,32,6,0.8410596026490066,0.9202898550724637,0.8768115942028987,0.8788927335640138,0.875886524822695
2,16,32,9,0.9236111111111112,0.9637681159420289,0.94368961352657,0.9432624113475179,0.9432624113475178
3,32,32,3,0.8888888888888888,0.6956521739130435,0.8061594202898551,0.7804878048780488,0.8085106382978723
4,32,32,6,0.8456375838926175,0.9130434782608695,0.8766606280193237,0.8780487804878048,0.875886524822695
5,32,32,9,0.9020979020979021,0.9347826086956522,0.9187801932367151,0.9181494661921707,0.9184397163120568
